ID,NAME,RN_ADDR,LB_ADDR,DETAIL_ADDR,TEL,OFF_DAY,SALES_FROM,SALES_TO,BREAK_FROM,BREAK_TO,PARKING,DESC,TYPE,SUB_TYPE,TRY,TAG,lng,lat,path,@version,message,host,@timestamp
24,케르반 베이커리,서울 용산구 이태원로 204,이태원동 126-2,,02-790-5585,,9:00,0:00,,,FALSE,"먹고갈 수 있다, 장난안치는 돈두르마를 판다, 중동식 쿠키가 더 맛",D,T,FALSE,,126.9965047,37.5344666
25,살람베이커리,서울 용산구 보광로60길 22,이태원동 132-1,,070-4025-7044,,10:00,22:30,,,FALSE,"먹고 갈 수 없지만 바클라바가 존맛, 터키식 빵 에크맥이 존맛",D,T,FALSE,,126.9954229,37.5338852
19,파르투내,서울 중구 마른내로 154,광희동1가 250-1,,02-2278-7770,"['MON(1,3)']",10:00,23:00,,,FALSE,우즈벡 음식 전문점,M,R,FALSE,,127.0049665,37.5645518
26,진주도가,전북 전주시 완산구전라감영3길 13-5,중앙동1가 61-3,,063-287-3392,,20:00,2:00,,,FALSE,모스코뮬 꼭 드세요! 술이깨는 술맛,A,K,FALSE,,127.1430208,35.8161663
14,밤부베이커리,서울 마포구 월드컵로5길 33-23,합정동 386-11,,02-3144-0446,,11:30,23:00,,,FALSE,크루아상,D,A,FALSE,,126.9109228,37.5505802
22,중화방,인천 중구 신포로27번길 45,중앙동3가 2-18,,,"['WED(2,4)']",,,,,TRUE,"진짜 고수는 차이나타운 근처에 있지, 가격도 반값",M,C,FALSE,,126.6228805,37.4724282
60,원깐돌이,경남 진주시 촉석로 165,중안동 101,,055-742-3937,['SUN'],10:00,17:00,,,FALSE,"알쓸신잡 나왔던 곳, 이모님 솜씨가 좋아서 뭘 먹어도 맛있을 듯",M,K,FALSE,"['#진주맛집', '#진주', '#알쓸신잡']",128.0802353,35.1946696
48,니코리,서울 양천구 중앙로36길 40,신정동 1048-18,1층,02-2061-5288,,11:30,22:00,15:00,18:00,FALSE,오열주의,M,J,FALSE,,126.8583925,37.5197156
29,황홀경,서울 관악구 관악로14길 37,봉천동 1603-20,지하1층,02-6449-7362,,12:00,23:00,,,FALSE,"독일식 팬케잌, 더치베이비 후르츠 존맛, 분위기 개깡패",D,G,FALSE,,126.9545918,37.47890599999999
40,금붕어식당,서울 마포구 동교로8길 39,합정동 448-18,,,"['SUN', 'MON']",13:00,21:30,16:00,18:00,FALSE,태국음식점,M,TH,FALSE,,126.9056101,37.5503067
41,천지샤브샤브 2호점,서울 광진구 아차산로29길 22,화양동 9-25,2층,02-466-6334,,11:00,0:00,,,FALSE,"훠궈 무한리필, 3가지 탕을 한번에",M,C,FALSE,,127.068612,37.541762
44,명봉샤브샤브양꼬치,서울 광진구 뚝섬로31길 59,자양4동 4-1,광진빌딩 1층,02-498-8808,,12:00,2:00,,,FALSE,"수요미식가, 가지 볶음",M,C,FALSE,,127.0686501,37.5380635
52,파이홀,서울 서대문구 연세로5나길 20,창천동 57-61,,02-334-1181,,11:00,23:00,,,FALSE,"모든 파이 다 맛있음, 스모어를 데워서 한입 먹으면 에펠탑이 보이는 착시현상",D,A,FALSE,,126.9350431,37.5570056
8,스냅,서울 마포구 독막로6길 14,합정동 361-1,,02-322-1640,['SUN'],10:00,22:00,,,FALSE,,D,A,FALSE,,126.9172933,37.5474401,/Users/gksml/Programing/git/BebeeMaps/mapsview/static/csv/matzip_db2.csv,1,"8,스냅,서울 마포구 독막로6길 14,합정동 361-1,,02-322-1640,SUN,10:00,22:00,,,FALSE,D,A,,FALSE,
",LAPTOP-B0E88DIK,2019-01-24T08:06:21.349Z
9,소고산제일루 홍대1호점,서울 마포구 잔다리로6길 40-6,서교동 366-13,2층,02-3141-3045,,12:00,0:00,,,FALSE,"수요미식회 81회, 홍대에 위치한 훠궈와 양꼬치 전문점",M,C,FALSE,,126.9212574,37.5520807,/Users/gksml/Programing/git/BebeeMaps/mapsview/static/csv/matzip_db2.csv,1,"9,소고산제일루 홍대1호점,서울 마포구 잔다리로6길 40-6,서교동 366-13,2층,02-3141-3045,,12:00,0:00,,,FALSE,M,C,""수요미식회 81회, 홍대에 위치한 훠궈와 양꼬치 전문점"",FALSE,
",LAPTOP-B0E88DIK,2019-01-24T08:06:21.350Z
5,마포소문난원조족발,서울 마포구 만리재로 19,공덕동 256-11,공덕시장 족발골목 내,02-716-9731,['every other weekend'],7:00,1:00,,,FALSE,맛있고 친절,M,K,FALSE,,126.9531195,37.5446023,/Users/gksml/Programing/git/BebeeMaps/mapsview/static/csv/matzip_db2.csv,1,"5,마포소문난원조족발,서울 마포구 만리재로 19,공덕동 256-11,공덕시장 족발골목 내,02-716-9731,every other weekend,7:00,1:00,,,FALSE,M,K,맛있고 친절,FALSE,
",LAPTOP-B0E88DIK,2019-01-24T08:06:21.349Z
10,유키노하나,서울 광진구 아차산로33길 21-5,화양동 8-86,,02-6085-9512,['SUN'],18:00,3:00,,,FALSE,"가성비, 연어",A,J,FALSE,,127.0698394,37.5413365,/Users/gksml/Programing/git/BebeeMaps/mapsview/static/csv/matzip_db2.csv,1,"10,유키노하나,서울 광진구 아차산로33길 21-5,화양동 8-86,,02-6085-9512,SUN,18:00,3:00,,,FALSE,A,J,""가성비, 연어"",FALSE,
",LAPTOP-B0E88DIK,2019-01-24T08:06:21.350Z
21,광안리,서울 중구 충무로2길 32,충무로4가 134-1,,011-874-3590,,0:00,0:00,,,FALSE,"횟집, 연어 갑, 예약만 받음",M,K,FALSE,,126.9948302,37.5622719,/Users/gksml/Programing/git/BebeeMaps/mapsview/static/csv/matzip_db2.csv,1,"21,광안리,서울 중구 충무로2길 32,충무로4가 134-1,,011-874-3590,,0:00,0:00,,,FALSE,M,K,""횟집, 연어 갑, 예약만 받음"",FALSE,
",LAPTOP-B0E88DIK,2019-01-24T08:06:21.353Z
30,에베레스트,서울 영등포구 경인로 838-1,영등포동 423-103,,02-3667-8848,,11:00,23:00,,,FALSE,인도식 커리,M,I,FALSE,,126.9060679,37.5158698,/Users/gksml/Programing/git/BebeeMaps/mapsview/static/csv/matzip_db2.csv,1,"30,에베레스트,서울 영등포구 경인로 838-1,영등포동 423-103,,02-3667-8848,,11:00,23:00,,,FALSE,M,I,인도식 커리,FALSE,
",LAPTOP-B0E88DIK,2019-01-24T08:06:21.355Z
12,당촌식당,경남 통영시 판데1길 14,당동 201-1,,055-642-8109,['MON'],12:00,21:00,,,TRUE,,M,FC,FALSE,,128.4078288,34.8355559,/Users/gksml/Programing/git/BebeeMaps/mapsview/static/csv/matzip_db2.csv,1,"12,당촌식당,경남 통영시 판데1길 14,당동 201-1,,055-642-8109,MON,12:00,21:00,,,TRUE,M,FC,,FALSE,
",LAPTOP-B0E88DIK,2019-01-24T08:06:21.350Z
32,(간판없는)순대국집,서울 동대문구 하정로4길 1,신설동 91-300,,02-921-6402,,,,,,FALSE,사실상 돼지국밥,M,K,FALSE,,127.0255106,37.5726757,/Users/gksml/Programing/git/BebeeMaps/mapsview/static/csv/matzip_db2.csv,1,"32,(간판없는)순대국집,서울 동대문구 하정로4길 1,신설동 91-300,,02-921-6402,,,,,,FALSE,M,K,사실상 돼지국밥,FALSE,
",LAPTOP-B0E88DIK,2019-01-24T08:06:21.355Z
33,오지 편한식당,서울 관악구 관악로12길 47,봉천동 1610-24,대명빌딩 1층,010-5048-9914,"['SUN', 'MON']",19:00,1:00,,,FALSE,"한국 쏘주 안팔지만 맛있음, 3인이상은 문의해야 가능",A,FC,FALSE,,126.9550708,37.4777983,/Users/gksml/Programing/git/BebeeMaps/mapsview/static/csv/matzip_db2.csv,1,"33,오지 편한식당,서울 관악구 관악로12길 47,봉천동 1610-24,대명빌딩 1층,010-5048-9914,""SUN, MON"",19:00,1:00,,,FALSE,A,FC,""한국 쏘주 안팔지만 맛있음, 3인이상은 문의해야 가능"",FALSE,
",LAPTOP-B0E88DIK,2019-01-24T08:06:21.355Z
34,키친31,서울 서대문구 연세로4길 61,창천동 5-32 ,1층,02-312-6709,['SUN'],18:00,1:00,,,FALSE,테이블 4개밖이지만 남들에게 알리기 싫은 술집,A,J,FALSE,,126.9395137,37.5585209,/Users/gksml/Programing/git/BebeeMaps/mapsview/static/csv/matzip_db2.csv,1,"34,키친31,서울 서대문구 연세로4길 61,창천동 5-32 ,1층,02-312-6709,SUN,18:00,1:00,,,FALSE,A,J,테이블 4개밖이지만 남들에게 알리기 싫은 술집,FALSE,
",LAPTOP-B0E88DIK,2019-01-24T08:06:21.355Z
42,모또,서울 용산구 한남대로20길 47,한남동 31-13,,02-3785-0997,['MON'],11:30,20:00,,,FALSE,"대표메뉴: 타마고산도(7,500원), 당고 세트(6,800원) ",D,J,FALSE,,127.009466,37.5348679,/Users/gksml/Programing/git/BebeeMaps/mapsview/static/csv/matzip_db2.csv,1,"42,모또,서울 용산구 한남대로20길 47,한남동 31-13,,02-3785-0997,MON,11:30,20:00,,,FALSE,D,J,""대표메뉴: 타마고산도(7,500원), 당고 세트(6,800원) "",FALSE,
",LAPTOP-B0E88DIK,2019-01-24T08:06:21.357Z
59,얼땅쟈,서울 광진구 동일로18길 68,자양동 11-3,,02-467-2886,,12:00,3:00,,,FALSE,촨촨샹 전문점. 육수의 진하기에 놀라고 재료들 관리된 것에 한번 더 놀라고 인당 3만원~4만원 선으로 든든하게 먹을 수 있다. 하이디라오보다 나을 정도로 서울에서 먹어본 것중 제일 맛있는 훠궈!,M,C,FALSE,"['#촨촨샹', '#훠궈']",127.0664091,37.5387396,/Users/gksml/Programing/git/BebeeMaps/mapsview/static/csv/matzip_db2.csv,1,"59,얼땅쟈,서울 광진구 동일로18길 68,자양동 11-3,,02-467-2886,,12:00,3:00,,,FALSE,M,C,촨촨샹 전문점. 육수의 진하기에 놀라고 재료들 관리된 것에 한번 더 놀라고 인당 3만원~4만원 선으로 든든하게 먹을 수 있다. 하이디라오보다 나을 정도로 서울에서 먹어본 것중 제일 맛있는 훠궈!,FALSE,""#촨촨샹, #훠궈""
",LAPTOP-B0E88DIK,2019-01-24T08:06:21.363Z
62,화인찜식당,경남 창원시 마산합포구 밤밭고개로 371,마산합포구 월영동 593-2,,055-247-7232,,10:00,22:00,,,FALSE,"울아버지 맛집, 잘먹고 딴소리 하시는 아버지가 맛있다고 한 몇 안되는 집, ",M,K,FALSE,"['#마산', '#댓거리', '#해물찜']",128.5553647,35.1749536,/Users/gksml/Programing/git/BebeeMaps/mapsview/static/csv/matzip_db2.csv,1,"62,화인찜식당,경남 창원시 마산합포구 밤밭고개로 371,마산합포구 월영동 593-2,,055-247-7232,,10:00,22:00,,,FALSE,M,K,""울아버지 맛집, 잘먹고 딴소리 하시는 아버지가 맛있다고 한 몇 안되는 집, "",FALSE,""#마산, #댓거리, #해물찜""
",LAPTOP-B0E88DIK,2019-01-24T08:06:21.364Z
57,여진곱,서울 종로구 삼일대로 430,낙원동 66,,02-762-5157,,10:00,23:00,15:00,16:00,FALSE,여기가 진짜 곱창이라는 가게 이름값을 합니다. 알곱창 드세요. 제가 여태껏 먹었던 곱창은 곱창 껍데기 같은 거였나.... 곱 꽉 차 있고 세상 고소하고 진짜.... 예약하지 않으면 수량이 없는 날도 있으니 주의! 한우곱창부대전골도 안주로 최고예요.,M,K,FALSE,"['#알곱창', '#세상고소', '#한우곱창부대전골', '#가볼까']",126.9883214,37.5730991,/Users/gksml/Programing/git/BebeeMaps/mapsview/static/csv/matzip_db2.csv,1,"57,여진곱,서울 종로구 삼일대로 430,낙원동 66,,02-762-5157,,10:00,23:00,15:00,16:00,FALSE,M,K,여기가 진짜 곱창이라는 가게 이름값을 합니다. 알곱창 드세요. 제가 여태껏 먹었던 곱창은 곱창 껍데기 같은 거였나.... 곱 꽉 차 있고 세상 고소하고 진짜.... 예약하지 않으면 수량이 없는 날도 있으니 주의! 한우곱창부대전골도 안주로 최고예요.,FALSE,""#알곱창, #세상고소, #한우곱창부대전골, #가볼까""
",LAPTOP-B0E88DIK,2019-01-24T08:06:21.363Z
35,카쿠시타,서울 마포구 동교로38길 33-15,연남동 390-30,1층,070-4187-8787,,11:30,1:00,14:30,17:00,FALSE,죽기 전에 후냐후냐 오믈렛을 먹어봐야 함,A,J,FALSE,,126.9261064,37.56181280000001,/Users/gksml/Programing/git/BebeeMaps/mapsview/static/csv/matzip_db2.csv,1,"35,카쿠시타,서울 마포구 동교로38길 33-15,연남동 390-30,1층,070-4187-8787,,11:30,1:00,14:30,17:00,FALSE,A,J,죽기 전에 후냐후냐 오믈렛을 먹어봐야 함,FALSE,
",LAPTOP-B0E88DIK,2019-01-24T08:06:21.356Z
2,더 밥,서울 마포구 독막로15길 5,상수동 310-25,,070-8777-2811,['MON'],11:00,22:30,15:00,17:00,FALSE,덮밥류,M,J,FALSE,,126.9218086,37.5481509,/Users/gksml/Programing/git/BebeeMaps/mapsview/static/csv/matzip_db2.csv,1,"2,더 밥,서울 마포구 독막로15길 5,상수동 310-25,,070-8777-2811,MON,11:00,22:30,15:00,17:00,FALSE,M,J,덮밥류,FALSE,
",LAPTOP-B0E88DIK,2019-01-24T08:06:21.348Z
20,바르셀로나,서울 마포구 월드컵로19길 1,망원동 57-23,지하1층,02-322-5764,['SUN'],18:00,1:00,,,FALSE,봄맞이 냉이 파스타(미깡),A,S,FALSE,,126.9080676,37.5562348,/Users/gksml/Programing/git/BebeeMaps/mapsview/static/csv/matzip_db2.csv,1,"20,바르셀로나,서울 마포구 월드컵로19길 1,망원동 57-23,지하1층,02-322-5764,SUN,18:00,1:00,,,FALSE,A,S,봄맞이 냉이 파스타(미깡),FALSE,
",LAPTOP-B0E88DIK,2019-01-24T08:06:21.352Z
27,사루카메,서울 마포구연남로 15,연남동 566-67,,070-8156-5720,,11:30,22:00,15:00,18:00,FALSE,"찬란히 빛나는 사루라멘  12,000원",M,J,FALSE,,126.922653,37.5610317,/Users/gksml/Programing/git/BebeeMaps/mapsview/static/csv/matzip_db2.csv,1,"27,사루카메,서울 마포구연남로 15,연남동 566-67,,070-8156-5720,,11:30,22:00,15:00,18:00,FALSE,M,J,""찬란히 빛나는 사루라멘  12,000원"",FALSE,
",LAPTOP-B0E88DIK,2019-01-24T08:06:21.354Z
6,키움초밥,서울 마포구 잔다리로 77,서교동 466-5,1층,02-333-1511,,11:30,1:00,,,FALSE,"가성비, 불친절",M,J,FALSE,,126.9160178,37.5542519,/Users/gksml/Programing/git/BebeeMaps/mapsview/static/csv/matzip_db2.csv,1,"6,키움초밥,서울 마포구 잔다리로 77,서교동 466-5,1층,02-333-1511,,11:30,1:00,,,FALSE,M,J,""가성비, 불친절"",FALSE,
",LAPTOP-B0E88DIK,2019-01-24T08:06:21.349Z
15,테일러커피 2호점,서울 마포구 와우산로27길 7,서교동 338-1,,02-334-0355,,11:30,23:00,,,FALSE,,D,A,FALSE,,126.9276536,37.5537662,/Users/gksml/Programing/git/BebeeMaps/mapsview/static/csv/matzip_db2.csv,1,"15,테일러커피 2호점,서울 마포구 와우산로27길 7,서교동 338-1,,02-334-0355,,11:30,23:00,,,FALSE,D,A,,FALSE,
",LAPTOP-B0E88DIK,2019-01-24T08:06:21.351Z
4,라멘트럭,서울 마포구 와우산로7길 6,상수동 328-7,,02-336-8455,,11:00,0:00,,,FALSE,,M,J,FALSE,,126.9226606,37.5471396,/Users/gksml/Programing/git/BebeeMaps/mapsview/static/csv/matzip_db2.csv,1,"4,라멘트럭,서울 마포구 와우산로7길 6,상수동 328-7,,02-336-8455,,11:00,0:00,,,FALSE,M,J,,FALSE,
",LAPTOP-B0E88DIK,2019-01-24T08:06:21.349Z
43,쿠모식당,서울 관악구 관악로14길 31,봉천동 1603-15,1층,070-8623-6996,,12:00,21:30,14:00,17:00,FALSE,카츠산도 맛집,M,J,FALSE,,126.9542856,37.4789727,/Users/gksml/Programing/git/BebeeMaps/mapsview/static/csv/matzip_db2.csv,1,"43,쿠모식당,서울 관악구 관악로14길 31,봉천동 1603-15,1층,070-8623-6996,,12:00,21:30,14:00,17:00,FALSE,M,J,카츠산도 맛집,FALSE,
",LAPTOP-B0E88DIK,2019-01-24T08:06:21.358Z
55,레빠쥬,서울 강남구 도산대로1길 62,신사동 506,강남출판문화센터 1층,02-540-3240,,11:30,23:00,,,FALSE,블루베리 마스카포네!! 봉골레 피자,M,A,FALSE,,127.0194099,37.5207424,/Users/gksml/Programing/git/BebeeMaps/mapsview/static/csv/matzip_db2.csv,1,"55,레빠쥬,서울 강남구 도산대로1길 62,신사동 506,강남출판문화센터 1층,02-540-3240,,11:30,23:00,,,FALSE,M,A,블루베리 마스카포네!! 봉골레 피자,FALSE,
",LAPTOP-B0E88DIK,2019-01-24T08:06:21.362Z
36,아뻬 서울,서울 종로구창경궁로35나길 1,혜화동 71-10,,070-7716-1910,['TUE'],11:00,22:00,,,FALSE,직접 양봉한 꿀로 디저트를 만들어 파는 곳,D,A,FALSE,,127.0012003,37.5872838,/Users/gksml/Programing/git/BebeeMaps/mapsview/static/csv/matzip_db2.csv,1,"36,아뻬 서울,서울 종로구창경궁로35나길 1,혜화동 71-10,,070-7716-1910,TUE,11:00,22:00,,,FALSE,D,A,직접 양봉한 꿀로 디저트를 만들어 파는 곳,FALSE,
",LAPTOP-B0E88DIK,2019-01-24T08:06:21.356Z
38,명점,경기 구리시 경춘로242번길 27,수택동 527-19,,031-567-5888,,17:00,22:00,,,TRUE,다 먹어 보고 싶은 곳,M,C,FALSE,,127.1435262,37.60060790000001,/Users/gksml/Programing/git/BebeeMaps/mapsview/static/csv/matzip_db2.csv,1,"38,명점,경기 구리시 경춘로242번길 27,수택동 527-19,,031-567-5888,,17:00,22:00,,,TRUE,M,C,다 먹어 보고 싶은 곳,FALSE,
",LAPTOP-B0E88DIK,2019-01-24T08:06:21.356Z
51,하품,서울 노원구화랑로51길 38,공릉동 113,밀레니엄타워,02-978-2988,,,,,,FALSE,"밀크티빙수, 밀크티를 좋아한다면 꼭",D,A,FALSE,,127.0890701,37.6249129,/Users/gksml/Programing/git/BebeeMaps/mapsview/static/csv/matzip_db2.csv,1,"51,하품,서울 노원구화랑로51길 38,공릉동 113,밀레니엄타워,02-978-2988,,,,,,FALSE,D,A,""밀크티빙수, 밀크티를 좋아한다면 꼭"",FALSE,
",LAPTOP-B0E88DIK,2019-01-24T08:06:21.360Z
54,도쿄팡야 가로수길,서울 강남구 논현로151길 52,신사동 543-8,,02-547-7790,,10:00,22:00,,,FALSE,,D,J,FALSE,,127.0238961,37.5196406,/Users/gksml/Programing/git/BebeeMaps/mapsview/static/csv/matzip_db2.csv,1,"54,도쿄팡야 가로수길,서울 강남구 논현로151길 52,신사동 543-8,,02-547-7790,,10:00,22:00,,,FALSE,D,J,,FALSE,
",LAPTOP-B0E88DIK,2019-01-24T08:06:21.361Z
28,가마마루이,서울 서대문구 성산로22길 4,창천동 91-6,,02-3142-3929,['SUN'],11:00,21:00,15:00,17:00,FALSE,"공깃밥과 마파두부는 무한리필, 온천달걀 매력적",M,J,FALSE,,126.9333177,37.5603743,/Users/gksml/Programing/git/BebeeMaps/mapsview/static/csv/matzip_db2.csv,1,"28,가마마루이,서울 서대문구 성산로22길 4,창천동 91-6,,02-3142-3929,SUN,11:00,21:00,15:00,17:00,FALSE,M,J,""공깃밥과 마파두부는 무한리필, 온천달걀 매력적"",FALSE,
",LAPTOP-B0E88DIK,2019-01-24T08:06:21.354Z
1,신김치생삼겹살,서울 마포구 양화로 46,합정동 414-5,,02-325-8690,,17:00,0:30,,,FALSE,약간 이른시간이나 저녁시간 피해가야함,M,K,FALSE,,126.9141832,37.5493362,/Users/gksml/Programing/git/BebeeMaps/mapsview/static/csv/matzip_db2.csv,1,"1,신김치생삼겹살,서울 마포구 양화로 46,합정동 414-5,,02-325-8690,,17:00,0:30,,,FALSE,M,K,약간 이른시간이나 저녁시간 피해가야함,FALSE,
",LAPTOP-B0E88DIK,2019-01-24T08:06:21.347Z
7,똥집의정석,서울 구로구 경인로 661,신도림동 337,"신도림푸르지오1차 167,168-1호",02-861-3161,,17:00,4:00,,,FALSE,,A,K,FALSE,,126.8877258,37.5093957,/Users/gksml/Programing/git/BebeeMaps/mapsview/static/csv/matzip_db2.csv,1,"7,똥집의정석,서울 구로구 경인로 661,신도림동 337,""신도림푸르지오1차 167,168-1호"",02-861-3161,,17:00,4:00,,,FALSE,A,K,,FALSE,
",LAPTOP-B0E88DIK,2019-01-24T08:06:21.349Z
16,빈브라더스 합정점,서울 마포구 토정로 35-1,합정동 368-3,,02-6012-2001,,11:00,23:00,,,TRUE,,D,A,FALSE,,126.914965,37.5456779,/Users/gksml/Programing/git/BebeeMaps/mapsview/static/csv/matzip_db2.csv,1,"16,빈브라더스 합정점,서울 마포구 토정로 35-1,합정동 368-3,,02-6012-2001,,11:00,23:00,,,TRUE,D,A,,FALSE,
",LAPTOP-B0E88DIK,2019-01-24T08:06:21.351Z
18,비포그레이,서울 마포구 토정로3길 16,합정동 367-9,,02-333-5694,,10:00,22:00,,,FALSE,,D,A,FALSE,,126.9144224,37.546264,/Users/gksml/Programing/git/BebeeMaps/mapsview/static/csv/matzip_db2.csv,1,"18,비포그레이,서울 마포구 토정로3길 16,합정동 367-9,,02-333-5694,,10:00,22:00,,,FALSE,D,A,,FALSE,
",LAPTOP-B0E88DIK,2019-01-24T08:06:21.352Z
13,솔밭가든,경남 고성군 마암면 옥천로 16-1,마암면 화산리 131,,055-672-2120,,,,,,TRUE,오리고기,M,K,FALSE,,128.3605204,35.0504766,/Users/gksml/Programing/git/BebeeMaps/mapsview/static/csv/matzip_db2.csv,1,"13,솔밭가든,경남 고성군 마암면 옥천로 16-1,마암면 화산리 131,,055-672-2120,,,,,,TRUE,M,K,오리고기,FALSE,
",LAPTOP-B0E88DIK,2019-01-24T08:06:21.350Z
39,호반,서울 종로구 삼일대로26길 20,낙원동 85-7,,02-745-6618,"['SUN(1,3,5)']",11:30,22:00,,,FALSE,"익선동, 순대",M,K,FALSE,,126.9891286,37.5732637,/Users/gksml/Programing/git/BebeeMaps/mapsview/static/csv/matzip_db2.csv,1,"39,호반,서울 종로구 삼일대로26길 20,낙원동 85-7,,02-745-6618,""SUN(1,3,5)"",11:30,22:00,,,FALSE,M,K,""익선동, 순대"",FALSE,
",LAPTOP-B0E88DIK,2019-01-24T08:06:21.357Z
46,청어람,서울 마포구 망원로 97,망원동 482-3,창은빌딩 1층,02-332-1411,['SUN'],11:30,22:00,14:00,17:00,FALSE,곱창전골 존맛탱,M,K,FALSE,,126.9074864,37.5580595,/Users/gksml/Programing/git/BebeeMaps/mapsview/static/csv/matzip_db2.csv,1,"46,청어람,서울 마포구 망원로 97,망원동 482-3,창은빌딩 1층,02-332-1411,SUN,11:30,22:00,14:00,17:00,FALSE,M,K,곱창전골 존맛탱,FALSE,
",LAPTOP-B0E88DIK,2019-01-24T08:06:21.359Z
49,참치한마리,서울 송파구백제고분로48길 29,방이동 142-16,지하1층,02-415-4592,,16:00,1:00,,,FALSE,참치 양이 푸짐,M,K,TRUE,,127.1162619,37.5107951,/Users/gksml/Programing/git/BebeeMaps/mapsview/static/csv/matzip_db2.csv,1,"49,참치한마리,서울 송파구백제고분로48길 29,방이동 142-16,지하1층,02-415-4592,,16:00,1:00,,,FALSE,M,K,참치 양이 푸짐,TRUE,
",LAPTOP-B0E88DIK,2019-01-24T08:06:21.359Z
31,옥반상,서울 종로구사직로 101,필운동 214,필운빌딩 1층,02-739-0101,['SUN'],11:00,22:00,15:00,17:00,FALSE,서울쪽 곰탕 중 탑,M,K,FALSE,,126.969987,37.5762852,/Users/gksml/Programing/git/BebeeMaps/mapsview/static/csv/matzip_db2.csv,1,"31,옥반상,서울 종로구사직로 101,필운동 214,필운빌딩 1층,02-739-0101,SUN,11:00,22:00,15:00,17:00,FALSE,M,K,서울쪽 곰탕 중 탑,FALSE,
",LAPTOP-B0E88DIK,2019-01-24T08:06:21.355Z
47,빙하의별,서울 마포구망원로 46,망원동 416-22,,02-336-0604,"['SUN', 'MON(2,4)']",12:00,22:00,,,FALSE,"프랑스 가정식, 아이스크림 장인이하는 아이스크림을 판다",M,F,FALSE,,126.901976,37.55656940000001,/Users/gksml/Programing/git/BebeeMaps/mapsview/static/csv/matzip_db2.csv,1,"47,빙하의별,서울 마포구망원로 46,망원동 416-22,,02-336-0604,""SUN, MON(2,4)"",12:00,22:00,,,FALSE,M,F,""프랑스 가정식, 아이스크림 장인이하는 아이스크림을 판다"",FALSE,
",LAPTOP-B0E88DIK,2019-01-24T08:06:21.359Z
3,쯔루하시후게츠 홍대점,서울 마포구 어울마당로 44-1,서교동 408-27,2층,02-323-5921,,11:30,23:00,,,FALSE,"오꼬노미야끼, 기다리기 힘들면 신촌점 ㄱ",M,J,FALSE,,126.9209115,37.5489167,/Users/gksml/Programing/git/BebeeMaps/mapsview/static/csv/matzip_db2.csv,1,"3,쯔루하시후게츠 홍대점,서울 마포구 어울마당로 44-1,서교동 408-27,2층,02-323-5921,,11:30,23:00,,,FALSE,M,J,""오꼬노미야끼, 기다리기 힘들면 신촌점 ㄱ"",FALSE,
",LAPTOP-B0E88DIK,2019-01-24T08:06:21.348Z
23,두만강샤브샤브 봉천점,서울 관악구 봉천로 537,봉천동 1663-7,1층,02-885-7966,,11:30,22:00,,,FALSE,그냥,M,C,FALSE,,126.9576725,37.4787665,/Users/gksml/Programing/git/BebeeMaps/mapsview/static/csv/matzip_db2.csv,1,"23,두만강샤브샤브 봉천점,서울 관악구 봉천로 537,봉천동 1663-7,1층,02-885-7966,,11:30,22:00,,,FALSE,M,C,그냥,FALSE,
",LAPTOP-B0E88DIK,2019-01-24T08:06:21.353Z
45,순흥골 신길점,서울 영등포구 대방천로 175,신길동 3741-53,,02-848-1888,,11:30,22:00,,,TRUE,고독한 미식가 갈비집보다 뛰어남,M,K,FALSE,,126.9105181,37.4992876,/Users/gksml/Programing/git/BebeeMaps/mapsview/static/csv/matzip_db2.csv,1,"45,순흥골 신길점,서울 영등포구 대방천로 175,신길동 3741-53,,02-848-1888,,11:30,22:00,,,TRUE,M,K,고독한 미식가 갈비집보다 뛰어남,FALSE,
",LAPTOP-B0E88DIK,2019-01-24T08:06:21.359Z
17,안녕낯선사람,서울 마포구 어울마당로5길 40,서교동 398-9,,02-333-5610,,8:30,23:00,,,FALSE,라떼류,D,A,FALSE,,126.9185665,37.5497846,/Users/gksml/Programing/git/BebeeMaps/mapsview/static/csv/matzip_db2.csv,1,"17,안녕낯선사람,서울 마포구 어울마당로5길 40,서교동 398-9,,02-333-5610,,8:30,23:00,,,FALSE,D,A,라떼류,FALSE,
",LAPTOP-B0E88DIK,2019-01-24T08:06:21.352Z
11,밥,경남 통영시 광도면 죽림5로 34,광도면 죽림리 1570-7,,055-645-262,,11:00,21:00,,,TRUE,그냥 밥집,M,K,FALSE,,128.4195892,34.8860336,/Users/gksml/Programing/git/BebeeMaps/mapsview/static/csv/matzip_db2.csv,1,"11,밥,경남 통영시 광도면 죽림5로 34,광도면 죽림리 1570-7,,055-645-262,,11:00,21:00,,,TRUE,M,K,그냥 밥집,FALSE,
",LAPTOP-B0E88DIK,2019-01-24T08:06:21.350Z
37,천지양꼬치,서울 마포구 포은로 74,망원동 401-34,,02-322-1020,"['MON(2,4)']",,,,,FALSE,"양꼬치의 또다른 신세계, 양갈비꼬치",M,C,FALSE,,126.9058377,37.55378049999999,/Users/gksml/Programing/git/BebeeMaps/mapsview/static/csv/matzip_db2.csv,1,"37,천지양꼬치,서울 마포구 포은로 74,망원동 401-34,,02-322-1020,""MON(2,4)"",,,,,FALSE,M,C,""양꼬치의 또다른 신세계, 양갈비꼬치"",FALSE,
",LAPTOP-B0E88DIK,2019-01-24T08:06:21.356Z
50,몰리스,서울 서대문구 연세로5다길 22-7,창천동 62-21,,02-6015-2442,,12:00,23:00,,,FALSE,"20년 경력의 파티쉐, 메뉴가 다 맛있다.",D,F,FALSE,,126.9343856,37.5569195,/Users/gksml/Programing/git/BebeeMaps/mapsview/static/csv/matzip_db2.csv,1,"50,몰리스,서울 서대문구 연세로5다길 22-7,창천동 62-21,,02-6015-2442,,12:00,23:00,,,FALSE,D,F,""20년 경력의 파티쉐, 메뉴가 다 맛있다."",FALSE,
",LAPTOP-B0E88DIK,2019-01-24T08:06:21.360Z
53,이치에,서울 강남구 선릉로155길 23-3,신사동 656-7,,070-4273-4087,['SUN'],18:00,0:00,,,FALSE,우니 이꾸라동에 반드시 시켜야 하는 고등어 볶음밥,M,J,FALSE,,127.0376706,37.5253356,/Users/gksml/Programing/git/BebeeMaps/mapsview/static/csv/matzip_db2.csv,1,"53,이치에,서울 강남구 선릉로155길 23-3,신사동 656-7,,070-4273-4087,SUN,18:00,0:00,,,FALSE,M,J,우니 이꾸라동에 반드시 시켜야 하는 고등어 볶음밥,FALSE,
",LAPTOP-B0E88DIK,2019-01-24T08:06:21.361Z
56,광주횟집,서울 강동구 구천면로 221,천호동 402-,,02-476-5007,,,,,,TRUE,이렇게 두꺼운 회는 처음봄,M,K,TRUE,,127.1290575,37.5409276,/Users/gksml/Programing/git/BebeeMaps/mapsview/static/csv/matzip_db2.csv,1,"56,광주횟집,서울 강동구 구천면로 221,천호동 402-,,02-476-5007,,,,,,TRUE,M,K,이렇게 두꺼운 회는 처음봄,TRUE,
",LAPTOP-B0E88DIK,2019-01-24T08:06:21.362Z
58,메종조,서울 서초구 남부순환로315길 84,서초동 1479-1,,02-584-3373,"['MON', 'TUE']",12:00,20:00,,,FALSE,"예당에서 떨어져 있긴 하지만 슬렁슬렁 걸어서 갈수 있는 위치. 샤퀴테리 전문점. 여기 테린도 그렇고 햄도 그렇고 쫀쫀하니 맛있다. 테이블이 하나 있고 식사도 가능한데 궁금한 메뉴들이 한두개가 아니라 다음번 예당갈 때 먹어볼 예정.메뉴에 파슬리 마늘 버터로 볶은 오소리 감투, 버터에 구운 닭 염통과 대파, 팬에 구운 돼지귀 테린과 아이올리 소스+야채볶음, 버터에 구운 부당바스크와 감자랑 사과구이, ""바스크식 천엽스튜""(이게 제일 궁금함)",M,F,FALSE,"['#예당', '#예당맛집', '#샤퀴테리전문점', '#테이블하나']",127.0074128,37.4822188,/Users/gksml/Programing/git/BebeeMaps/mapsview/static/csv/matzip_db2.csv,1,"58,메종조,서울 서초구 남부순환로315길 84,서초동 1479-1,,02-584-3373,""MON, TUE"",12:00,20:00,,,FALSE,M,F,""예당에서 떨어져 있긴 하지만 슬렁슬렁 걸어서 갈수 있는 위치. 샤퀴테리 전문점. 여기 테린도 그렇고 햄도 그렇고 쫀쫀하니 맛있다. 테이블이 하나 있고 식사도 가능한데 궁금한 메뉴들이 한두개가 아니라 다음번 예당갈 때 먹어볼 예정.메뉴에 파슬리 마늘 버터로 볶은 오소리 감투, 버터에 구운 닭 염통과 대파, 팬에 구운 돼지귀 테린과 아이올리 소스+야채볶음, 버터에 구운 부당바스크와 감자랑 사과구이, """"바스크식 천엽스튜""""(이게 제일 궁금함)"",FALSE,""#예당, #예당맛집, #샤퀴테리전문점, #테이블하나""
",LAPTOP-B0E88DIK,2019-01-24T08:06:21.363Z
61,목민정,경남 창원시 의창구 천주로12번길 25,의창구 중동 707,,055-255-7111,,11:00,22:00,16:00,17:00,TRUE,"반찬은 대략 15가지 정도 되는데 모두다 맛있고, 메인메뉴는 청국장 & 생선구이 & 돌솥밥 까지 나오는데 1인 12000원 ",M,K,FALSE,"['#창원', '#한정식']",128.621216,35.262901,/Users/gksml/Programing/git/BebeeMaps/mapsview/static/csv/matzip_db2.csv,1,"61,목민정,경남 창원시 의창구 천주로12번길 25,의창구 중동 707,,055-255-7111,,11:00,22:00,16:00,17:00,TRUE,M,K,""반찬은 대략 15가지 정도 되는데 모두다 맛있고, 메인메뉴는 청국장 & 생선구이 & 돌솥밥 까지 나오는데 1인 12000원 "",FALSE,""#창원, #한정식""
",LAPTOP-B0E88DIK,2019-01-24T08:06:21.364Z
63,수복해물찜전문,경남 창원시 성산구 반송로 72-1,성산구 반지동 66-8,,055-273-3623,,11:00,22:00,,,TRUE,특소자(20000원)로 세명이서 배부르게 먹는데 맛도 있고 해물도 듬뿍,M,K,FALSE,"['#창원', '#인생맛집', '#해물찜']",128.6644619,35.2396169,/Users/gksml/Programing/git/BebeeMaps/mapsview/static/csv/matzip_db2.csv,1,"63,수복해물찜전문,경남 창원시 성산구 반송로 72-1,성산구 반지동 66-8,,055-273-3623,,11:00,22:00,,,TRUE,M,K,특소자(20000원)로 세명이서 배부르게 먹는데 맛도 있고 해물도 듬뿍,FALSE,""#창원, #인생맛집, #해물찜""
",LAPTOP-B0E88DIK,2019-01-24T08:06:21.364Z
64,산청돼지국밥전문,경남 진주시 창렬로 71,상봉동 1108-16,,055-742-2938,"['WED(1,3)']",06:30,22:00,,,TRUE,"국밥에 고기도 퍽퍽한 살 안 쓰고 비계붙은 살 써서 부드럽고 고소함, 육수도 사골스타일 아니고 시장 국밥 스타일이라서 얼큰하다",M,K,FALSE,"['#진주', '#돼지국밥', '#얼큰']",128.068995,35.1948586,/Users/gksml/Programing/git/BebeeMaps/mapsview/static/csv/matzip_db2.csv,1,"64,산청돼지국밥전문,경남 진주시 창렬로 71,상봉동 1108-16,,055-742-2938,""WED(1,3)"",6:30,22:00,,,TRUE,M,K,""국밥에 고기도 퍽퍽한 살 안 쓰고 비계붙은 살 써서 부드럽고 고소함, 육수도 사골스타일 아니고 시장 국밥 스타일이라서 얼큰"",FALSE,""#진주, #돼지국밥""
",LAPTOP-B0E88DIK,2019-01-24T08:06:21.365Z
